<?xml version="1.0" encoding="UTF-8"?>
<project-private xmlns="http://www.netbeans.org/ns/project-private/1">
    <editor-bookmarks xmlns="http://www.netbeans.org/ns/editor-bookmarks/2" lastBookmarkId="0"/>
    <open-files xmlns="http://www.netbeans.org/ns/projectui-open-files/2">
        <group>
            <file>file:/Users/danielar92/Documents/Sistemas/SIGULAB-CompraImportacion/src/java/DBMS/DBMS.java</file>
            <file>file:/Users/danielar92/Documents/Sistemas/SIGULAB-CompraImportacion/web/WEB-INF/struts-config.xml</file>
            <file>file:/Users/danielar92/Documents/Sistemas/SIGULAB-CompraImportacion/web/WEB-INF/tiles-defs.xml</file>
        </group>
    </open-files>
</project-private>
